,hist,ensmean,ens5th,ens25th,ens75th,ens95th
1/1/2022,2.743643522,NA,NA,NA,NA,NA
2/1/2022,0.32737878,NA,NA,NA,NA,NA
3/1/2022,7.320709705,NA,NA,NA,NA,NA
4/1/2022,8.609937668,NA,NA,NA,NA,NA
5/1/2022,6.153780937,NA,NA,NA,NA,NA
6/1/2022,15.64673901,NA,NA,NA,NA,NA
7/1/2022,43.57842636,NA,NA,NA,NA,NA
8/1/2022,37.36548615,NA,NA,NA,NA,NA
9/1/2022,7.529968739,NA,NA,NA,NA,NA
10/1/2022,10.55345154,NA,NA,NA,NA,NA
11/1/2022,20.25624847,NA,NA,NA,NA,NA
12/1/2022,37.48402405,NA,NA,NA,NA,NA
13/1/2022,25.30312538,NA,NA,NA,NA,NA
14/1/2022,18.86738014,NA,NA,NA,NA,NA
15/1/2022,9.946342468,NA,NA,NA,NA,NA
16/1/2022,0.445205539,NA,NA,NA,NA,NA
17/1/2022,9.404626846,NA,NA,NA,NA,NA
18/1/2022,9.868107796,NA,NA,NA,NA,NA
19/1/2022,1.4604249,NA,NA,NA,NA,NA
20/1/2022,0.746577561,NA,NA,NA,NA,NA
21/1/2022,NA,NA,NA,NA,NA,NA
22/1/2022,0.456950396,NA,NA,NA,NA,NA
23/1/2022,0.542052269,NA,NA,NA,NA,NA
24/1/2022,0.836054683,NA,NA,NA,NA,NA
25/1/2022,0.801149547,NA,NA,NA,NA,NA
26/1/2022,26.40714645,NA,NA,NA,NA,NA
27/1/2022,5.840485573,NA,NA,NA,NA,NA
28/1/2022,6.600409031,NA,NA,NA,NA,NA
29/1/2022,9.232573509,NA,NA,NA,NA,NA
30/1/2022,18.98806763,NA,NA,NA,NA,NA
31/1/2022,5.39191103,NA,NA,NA,NA,NA
1/2/2022,2.858398438,NA,NA,NA,NA,NA
2/2/2022,1.299448252,NA,NA,NA,NA,NA
3/2/2022,2.348830223,NA,NA,NA,NA,NA
4/2/2022,5.133907318,NA,NA,NA,NA,NA
5/2/2022,3.231748581,NA,NA,NA,NA,NA
6/2/2022,1.251502156,NA,NA,NA,NA,NA
7/2/2022,0.336147934,NA,NA,NA,NA,NA
8/2/2022,0.513681352,NA,NA,NA,NA,NA
9/2/2022,0.529472291,NA,NA,NA,NA,NA
10/2/2022,1.39546752,NA,NA,NA,NA,NA
11/2/2022,10.7827034,NA,NA,NA,NA,NA
12/2/2022,5.220677376,NA,NA,NA,NA,NA
13/2/2022,0.250744551,NA,NA,NA,NA,NA
14/2/2022,0.16097194,NA,NA,NA,NA,NA
15/2/2022,NA,NA,NA,NA,NA,NA
16/2/2022,NA,NA,NA,NA,NA,NA
17/2/2022,0.188746095,NA,NA,NA,NA,NA
18/2/2022,0.298777223,NA,NA,NA,NA,NA
19/2/2022,0.127581611,NA,NA,NA,NA,NA
20/2/2022,0.151578248,NA,NA,NA,NA,NA
21/2/2022,0.16959466,NA,NA,NA,NA,NA
22/2/2022,0.315218627,NA,NA,NA,NA,NA
23/2/2022,0.11235965,NA,NA,NA,NA,NA
24/2/2022,0.11093194,NA,NA,NA,NA,NA
25/2/2022,0.182664722,NA,NA,NA,NA,NA
26/2/2022,0.323170662,NA,NA,NA,NA,NA
27/2/2022,0.411134064,NA,NA,NA,NA,NA
28/2/2022,0.213663921,NA,NA,NA,NA,NA
1/3/2022,0.131500766,NA,NA,NA,NA,NA
2/3/2022,9.144147873,NA,NA,NA,NA,NA
3/3/2022,5.07284832,NA,NA,NA,NA,NA
4/3/2022,0.80454129,NA,NA,NA,NA,NA
5/3/2022,1.278274536,NA,NA,NA,NA,NA
6/3/2022,1.365600705,NA,NA,NA,NA,NA
7/3/2022,0.540332615,NA,NA,NA,NA,NA
8/3/2022,2.623495102,NA,NA,NA,NA,NA
9/3/2022,5.313975334,NA,NA,NA,NA,NA
10/3/2022,3.20946312,NA,NA,NA,NA,NA
11/3/2022,0.50164485,NA,NA,NA,NA,NA
12/3/2022,0.306659251,NA,NA,NA,NA,NA
13/3/2022,1.736721277,NA,NA,NA,NA,NA
14/3/2022,4.177817822,NA,NA,NA,NA,NA
15/3/2022,9.09576416,NA,NA,NA,NA,NA
16/3/2022,32.77328491,NA,NA,NA,NA,NA
17/3/2022,22.00326538,NA,NA,NA,NA,NA
18/3/2022,3.054815531,NA,NA,NA,NA,NA
19/3/2022,0.144666314,NA,NA,NA,NA,NA
20/3/2022,0.31563738,NA,NA,NA,NA,NA
21/3/2022,0.364572853,NA,NA,NA,NA,NA
22/3/2022,0.155462563,NA,NA,NA,NA,NA
23/3/2022,0.272894591,NA,NA,NA,NA,NA
24/3/2022,1.028178215,NA,NA,NA,NA,NA
25/3/2022,8.888213158,NA,NA,NA,NA,NA
26/3/2022,12.1255188,NA,NA,NA,NA,NA
27/3/2022,0.763823748,NA,NA,NA,NA,NA
28/3/2022,0.742914677,NA,NA,NA,NA,NA
29/3/2022,0.856637061,NA,NA,NA,NA,NA
30/3/2022,3.415673256,NA,NA,NA,NA,NA
31/3/2022,0.26067555,NA,NA,NA,NA,NA
1/4/2022,0.45176667,NA,NA,NA,NA,NA
2/4/2022,0.274898559,NA,NA,NA,NA,NA
3/4/2022,0.321328044,NA,NA,NA,NA,NA
4/4/2022,5.067461491,NA,NA,NA,NA,NA
5/4/2022,5.42575407,NA,NA,NA,NA,NA
6/4/2022,1.029913187,NA,NA,NA,NA,NA
7/4/2022,0.193185076,NA,NA,NA,NA,NA
8/4/2022,0.830010891,NA,NA,NA,NA,NA
9/4/2022,2.539154768,NA,NA,NA,NA,NA
10/4/2022,0.294039875,NA,NA,NA,NA,NA
11/4/2022,0.333707809,NA,NA,NA,NA,NA
12/4/2022,0.167963013,NA,NA,NA,NA,NA
13/4/2022,0.445672125,NA,NA,NA,NA,NA
14/4/2022,2.198732376,NA,NA,NA,NA,NA
15/4/2022,2.528795719,NA,NA,NA,NA,NA
16/4/2022,5.809536457,NA,NA,NA,NA,NA
17/4/2022,1.72018671,NA,NA,NA,NA,NA
18/4/2022,2.095339298,NA,NA,NA,NA,NA
19/4/2022,0.427841663,NA,NA,NA,NA,NA
20/4/2022,1.471180797,NA,NA,NA,NA,NA
21/4/2022,2.704575539,NA,NA,NA,NA,NA
22/4/2022,0.432097793,NA,NA,NA,NA,NA
23/4/2022,0.66486448,NA,NA,NA,NA,NA
24/4/2022,0.433510125,NA,NA,NA,NA,NA
25/4/2022,0.169623375,NA,NA,NA,NA,NA
26/4/2022,0.263738632,NA,NA,NA,NA,NA
27/4/2022,0.14845477,NA,NA,NA,NA,NA
28/4/2022,NA,NA,NA,NA,NA,NA
29/4/2022,NA,NA,NA,NA,NA,NA
30/4/2022,NA,NA,NA,NA,NA,NA
1/5/2022,NA,NA,NA,NA,NA,NA
2/5/2022,0.136718661,NA,NA,NA,NA,NA
3/5/2022,0.131602451,NA,NA,NA,NA,NA
4/5/2022,0.189894155,NA,NA,NA,NA,NA
5/5/2022,0.1790746,NA,NA,NA,NA,NA
6/5/2022,0.134389162,NA,NA,NA,NA,NA
7/5/2022,0.223309383,NA,NA,NA,NA,NA
8/5/2022,NA,NA,NA,NA,NA,NA
9/5/2022,NA,NA,NA,NA,NA,NA
10/5/2022,NA,NA,NA,NA,NA,NA
11/5/2022,NA,NA,NA,NA,NA,NA
12/5/2022,NA,NA,NA,NA,NA,NA
13/5/2022,0.113057189,NA,NA,NA,NA,NA
14/5/2022,NA,NA,NA,NA,NA,NA
15/5/2022,NA,NA,NA,NA,NA,NA
16/5/2022,NA,NA,NA,NA,NA,NA
17/5/2022,0.144836068,NA,NA,NA,NA,NA
18/5/2022,0.208073288,NA,NA,NA,NA,NA
19/5/2022,0.194687337,NA,NA,NA,NA,NA
20/5/2022,0.261329442,NA,NA,NA,NA,NA
21/5/2022,0.346966863,NA,NA,NA,NA,NA
22/5/2022,NA,NA,NA,NA,NA,NA
23/5/2022,NA,NA,NA,NA,NA,NA
24/5/2022,NA,NA,NA,NA,NA,NA
25/5/2022,NA,NA,NA,NA,NA,NA
26/5/2022,NA,NA,NA,NA,NA,NA
27/5/2022,NA,NA,NA,NA,NA,NA
28/5/2022,NA,NA,NA,NA,NA,NA
29/5/2022,NA,NA,NA,NA,NA,NA
30/5/2022,NA,NA,NA,NA,NA,NA
31/5/2022,NA,NA,NA,NA,NA,NA
1/6/2022,NA,NA,NA,NA,NA,NA
2/6/2022,NA,NA,NA,NA,NA,NA
3/6/2022,NA,NA,NA,NA,NA,NA
4/6/2022,NA,NA,NA,NA,NA,NA
5/6/2022,NA,NA,NA,NA,NA,NA
6/6/2022,NA,NA,NA,NA,NA,NA
7/6/2022,NA,NA,NA,NA,NA,NA
8/6/2022,NA,NA,NA,NA,NA,NA
9/6/2022,NA,NA,NA,NA,NA,NA
10/6/2022,0.156386659,NA,NA,NA,NA,NA
11/6/2022,NA,NA,NA,NA,NA,NA
12/6/2022,NA,NA,NA,NA,NA,NA
13/6/2022,NA,NA,NA,NA,NA,NA
14/6/2022,NA,NA,NA,NA,NA,NA
15/6/2022,NA,NA,NA,NA,NA,NA
16/6/2022,NA,NA,NA,NA,NA,NA
17/6/2022,NA,NA,NA,NA,NA,NA
18/6/2022,NA,NA,NA,NA,NA,NA
19/6/2022,NA,NA,NA,NA,NA,NA
20/6/2022,NA,NA,NA,NA,NA,NA
21/6/2022,NA,NA,NA,NA,NA,NA
22/6/2022,NA,NA,NA,NA,NA,NA
23/6/2022,NA,NA,NA,NA,NA,NA
24/6/2022,NA,NA,NA,NA,NA,NA
25/6/2022,NA,NA,NA,NA,NA,NA
26/6/2022,0.204630256,NA,NA,NA,NA,NA
27/6/2022,0.124968663,NA,NA,NA,NA,NA
28/6/2022,0.133979902,NA,NA,NA,NA,NA
29/6/2022,2.455724001,NA,NA,NA,NA,NA
30/6/2022,2.211416245,NA,NA,NA,NA,NA
1/7/2022,0.450469941,NA,NA,NA,NA,NA
2/7/2022,0.291940898,NA,NA,NA,NA,NA
3/7/2022,0.152353272,NA,NA,NA,NA,NA
4/7/2022,NA,NA,NA,NA,NA,NA
5/7/2022,NA,NA,NA,NA,NA,NA
6/7/2022,NA,NA,NA,NA,NA,NA
7/7/2022,NA,NA,NA,NA,NA,NA
8/7/2022,NA,NA,NA,NA,NA,NA
9/7/2022,NA,NA,NA,NA,NA,NA
10/7/2022,NA,NA,NA,NA,NA,NA
11/7/2022,NA,NA,NA,NA,NA,NA
12/7/2022,0.152698934,NA,NA,NA,NA,NA
13/7/2022,0.190183863,NA,NA,NA,NA,NA
14/7/2022,NA,NA,NA,NA,NA,NA
15/7/2022,NA,NA,NA,NA,NA,NA
16/7/2022,NA,NA,NA,NA,NA,NA
17/7/2022,NA,NA,NA,NA,NA,NA
18/7/2022,0.219651058,NA,NA,NA,NA,NA
19/7/2022,0.150064364,NA,NA,NA,NA,NA
20/7/2022,0.158701047,NA,NA,NA,NA,NA
21/7/2022,0.388496011,NA,NA,NA,NA,NA
22/7/2022,0.148982242,NA,NA,NA,NA,NA
23/7/2022,0.121188775,NA,NA,NA,NA,NA
24/7/2022,NA,NA,NA,NA,NA,NA
25/7/2022,NA,NA,NA,NA,NA,NA
26/7/2022,NA,NA,NA,NA,NA,NA
27/7/2022,NA,NA,NA,NA,NA,NA
28/7/2022,NA,NA,NA,NA,NA,NA
29/7/2022,NA,NA,NA,NA,NA,NA
30/7/2022,NA,NA,NA,NA,NA,NA
31/7/2022,NA,NA,NA,NA,NA,NA
1/8/2022,NA,NA,NA,NA,NA,NA
2/8/2022,NA,NA,NA,NA,NA,NA
3/8/2022,NA,NA,NA,NA,NA,NA
4/8/2022,NA,NA,NA,NA,NA,NA
5/8/2022,NA,NA,NA,NA,NA,NA
6/8/2022,NA,NA,NA,NA,NA,NA
7/8/2022,NA,NA,NA,NA,NA,NA
8/8/2022,NA,NA,NA,NA,NA,NA
9/8/2022,NA,NA,NA,NA,NA,NA
10/8/2022,NA,NA,NA,NA,NA,NA
11/8/2022,NA,NA,NA,NA,NA,NA
12/8/2022,NA,NA,NA,NA,NA,NA
13/8/2022,NA,NA,NA,NA,NA,NA
14/8/2022,NA,NA,NA,NA,NA,NA
15/8/2022,NA,NA,NA,NA,NA,NA
16/8/2022,NA,NA,NA,NA,NA,NA
17/8/2022,NA,NA,NA,NA,NA,NA
18/8/2022,NA,NA,NA,NA,NA,NA
19/8/2022,NA,NA,NA,NA,NA,NA
20/8/2022,NA,NA,NA,NA,NA,NA
21/8/2022,NA,NA,NA,NA,NA,NA
22/8/2022,NA,NA,NA,NA,NA,NA
23/8/2022,NA,NA,NA,NA,NA,NA
24/8/2022,NA,NA,NA,NA,NA,NA
25/8/2022,NA,NA,NA,NA,NA,NA
26/8/2022,NA,NA,NA,NA,NA,NA
27/8/2022,NA,NA,NA,NA,NA,NA
28/8/2022,NA,NA,NA,NA,NA,NA
29/8/2022,NA,NA,NA,NA,NA,NA
30/8/2022,NA,NA,NA,NA,NA,NA
31/8/2022,NA,NA,NA,NA,NA,NA
1/9/2022,NA,NA,NA,NA,NA,NA
2/9/2022,NA,NA,NA,NA,NA,NA
3/9/2022,NA,NA,NA,NA,NA,NA
4/9/2022,NA,NA,NA,NA,NA,NA
5/9/2022,NA,NA,NA,NA,NA,NA
6/9/2022,NA,NA,NA,NA,NA,NA
7/9/2022,NA,NA,NA,NA,NA,NA
8/9/2022,NA,NA,NA,NA,NA,NA
9/9/2022,NA,NA,NA,NA,NA,NA
10/9/2022,NA,NA,NA,NA,NA,NA
11/9/2022,NA,NA,NA,NA,NA,NA
12/9/2022,NA,NA,NA,NA,NA,NA
13/9/2022,NA,NA,NA,NA,NA,NA
14/9/2022,NA,NA,NA,NA,NA,NA
15/9/2022,NA,NA,NA,NA,NA,NA
16/9/2022,NA,NA,NA,NA,NA,NA
17/9/2022,NA,NA,NA,NA,NA,NA
18/9/2022,NA,NA,NA,NA,NA,NA
19/9/2022,NA,NA,NA,NA,NA,NA
20/9/2022,0.153589159,NA,NA,NA,NA,NA
21/9/2022,0.115943298,NA,NA,NA,NA,NA
22/9/2022,NA,NA,NA,NA,NA,NA
23/9/2022,NA,NA,NA,NA,NA,NA
24/9/2022,NA,NA,NA,NA,NA,NA
25/9/2022,NA,NA,NA,NA,NA,NA
26/9/2022,NA,NA,NA,NA,NA,NA
27/9/2022,NA,NA,NA,NA,NA,NA
28/9/2022,NA,NA,NA,NA,NA,NA
29/9/2022,NA,NA,NA,NA,NA,NA
30/9/2022,NA,NA,NA,NA,NA,NA
1/10/2022,NA,NA,NA,NA,NA,NA
2/10/2022,NA,NA,NA,NA,NA,NA
3/10/2022,NA,NA,NA,NA,NA,NA
4/10/2022,NA,NA,NA,NA,NA,NA
5/10/2022,NA,NA,NA,NA,NA,NA
6/10/2022,NA,NA,NA,NA,NA,NA
7/10/2022,NA,NA,NA,NA,NA,NA
8/10/2022,NA,NA,NA,NA,NA,NA
9/10/2022,NA,NA,NA,NA,NA,NA
10/10/2022,NA,NA,NA,NA,NA,NA
11/10/2022,NA,NA,NA,NA,NA,NA
12/10/2022,NA,NA,NA,NA,NA,NA
13/10/2022,NA,NA,NA,NA,NA,NA
14/10/2022,NA,NA,NA,NA,NA,NA
15/10/2022,NA,NA,NA,NA,NA,NA
16/10/2022,NA,NA,NA,NA,NA,NA
17/10/2022,NA,NA,NA,NA,NA,NA
18/10/2022,NA,NA,NA,NA,NA,NA
19/10/2022,0.274217278,NA,NA,NA,NA,NA
20/10/2022,NA,NA,NA,NA,NA,NA
21/10/2022,0.128696337,NA,NA,NA,NA,NA
22/10/2022,NA,NA,NA,NA,NA,NA
23/10/2022,0.729458988,NA,NA,NA,NA,NA
24/10/2022,0.304460138,NA,NA,NA,NA,NA
25/10/2022,0.163178012,NA,NA,NA,NA,NA
26/10/2022,0.434931517,NA,NA,NA,NA,NA
27/10/2022,0.662455916,NA,NA,NA,NA,NA
28/10/2022,1.277776837,NA,NA,NA,NA,NA
29/10/2022,NA,NA,NA,NA,NA,NA
30/10/2022,0.185320541,NA,NA,NA,NA,NA
31/10/2022,1.192470193,NA,NA,NA,NA,NA
1/11/2022,6.088320732,NA,NA,NA,NA,NA
2/11/2022,2.233643293,NA,NA,NA,NA,NA
3/11/2022,0.852090359,NA,NA,NA,NA,NA
4/11/2022,3.452176809,NA,NA,NA,NA,NA
5/11/2022,3.479136705,NA,NA,NA,NA,NA
6/11/2022,3.106702089,NA,NA,NA,NA,NA
7/11/2022,2.866837502,NA,NA,NA,NA,NA
8/11/2022,0.983825505,NA,NA,NA,NA,NA
9/11/2022,0.670704365,NA,NA,NA,NA,NA
10/11/2022,1.187697172,NA,NA,NA,NA,NA
11/11/2022,5.991545677,NA,NA,NA,NA,NA
12/11/2022,11.13860703,NA,NA,NA,NA,NA
13/11/2022,2.326701164,NA,NA,NA,NA,NA
14/11/2022,3.817841053,NA,NA,NA,NA,NA
15/11/2022,1.205168605,NA,NA,NA,NA,NA
16/11/2022,NA,NA,NA,NA,NA,NA
17/11/2022,NA,NA,NA,NA,NA,NA
18/11/2022,NA,NA,NA,NA,NA,NA
19/11/2022,NA,NA,NA,NA,NA,NA
20/11/2022,NA,NA,NA,NA,NA,NA
21/11/2022,0.536672413,NA,NA,NA,NA,NA
22/11/2022,26.15571022,NA,NA,NA,NA,NA
23/11/2022,0.56874913,NA,NA,NA,NA,NA
24/11/2022,1.640383363,NA,NA,NA,NA,NA
25/11/2022,1.123105168,NA,NA,NA,NA,NA
26/11/2022,16.09458733,NA,NA,NA,NA,NA
27/11/2022,9.588971138,NA,NA,NA,NA,NA
28/11/2022,0.847686768,NA,NA,NA,NA,NA
29/11/2022,0.898979127,NA,NA,NA,NA,NA
30/11/2022,0.118938491,NA,NA,NA,NA,NA
1/12/2022,NA,NA,NA,NA,NA,NA
2/12/2022,NA,NA,NA,NA,NA,NA
3/12/2022,NA,NA,NA,NA,NA,NA
4/12/2022,0.119332209,NA,NA,NA,NA,NA
5/12/2022,0.316224277,NA,NA,NA,NA,NA
6/12/2022,13.26928329,NA,NA,NA,NA,NA
7/12/2022,1.487327814,NA,NA,NA,NA,NA
8/12/2022,1.631431341,NA,NA,NA,NA,NA
9/12/2022,5.471969604,NA,NA,NA,NA,NA
10/12/2022,6.324122429,NA,NA,NA,NA,NA
11/12/2022,3.072589159,NA,NA,NA,NA,NA
12/12/2022,2.735387087,NA,NA,NA,NA,NA
13/12/2022,0.346832901,NA,NA,NA,NA,NA
14/12/2022,1.760776401,NA,NA,NA,NA,NA
15/12/2022,4.184856415,NA,NA,NA,NA,NA
16/12/2022,4.859883308,NA,NA,NA,NA,NA
17/12/2022,6.676179886,NA,NA,NA,NA,NA
18/12/2022,8.81491375,NA,NA,NA,NA,NA
19/12/2022,1.931985021,NA,NA,NA,NA,NA
20/12/2022,0.379347831,NA,NA,NA,NA,NA
21/12/2022,0.319088906,NA,NA,NA,NA,NA
22/12/2022,NA,NA,NA,NA,NA,NA
23/12/2022,NA,NA,NA,NA,NA,NA
24/12/2022,NA,NA,NA,NA,NA,NA
25/12/2022,NA,NA,NA,NA,NA,NA
26/12/2022,NA,NA,NA,NA,NA,NA
27/12/2022,NA,NA,NA,NA,NA,NA
28/12/2022,NA,NA,NA,NA,NA,NA
29/12/2022,NA,NA,NA,NA,NA,NA
30/12/2022,3.527310848,NA,NA,NA,NA,NA
31/12/2022,3.553557158,NA,NA,NA,NA,NA
1/1/2023,7.148432732,NA,NA,NA,NA,NA
2/1/2023,4.986515045,NA,NA,NA,NA,NA
3/1/2023,7.26940012,NA,NA,NA,NA,NA
4/1/2023,8.773007393,NA,NA,NA,NA,NA
5/1/2023,2.56451416,NA,NA,NA,NA,NA
6/1/2023,28.28992081,NA,NA,NA,NA,NA
7/1/2023,10.01614475,NA,NA,NA,NA,NA
8/1/2023,0.968172491,NA,NA,NA,NA,NA
9/1/2023,4.208212376,NA,NA,NA,NA,NA
10/1/2023,5.649990082,NA,NA,NA,NA,NA
11/1/2023,0.200793087,NA,NA,NA,NA,NA
12/1/2023,NA,NA,NA,NA,NA,NA
13/1/2023,0.445339203,NA,NA,NA,NA,NA
14/1/2023,1.019845724,NA,NA,NA,NA,NA
15/1/2023,1.172295213,NA,NA,NA,NA,NA
16/1/2023,3.415311337,NA,NA,NA,NA,NA
17/1/2023,4.916719913,NA,NA,NA,NA,NA
18/1/2023,6.411737919,NA,NA,NA,NA,NA
19/1/2023,5.509363174,NA,NA,NA,NA,NA
20/1/2023,11.02928829,NA,NA,NA,NA,NA
21/1/2023,2.914935589,NA,NA,NA,NA,NA
22/1/2023,11.84327698,NA,NA,NA,NA,NA
23/1/2023,9.939777374,NA,NA,NA,NA,NA
24/1/2023,13.23060226,NA,NA,NA,NA,NA
25/1/2023,2.801983833,NA,NA,NA,NA,NA
26/1/2023,1.792550445,NA,NA,NA,NA,NA
27/1/2023,0.929392695,NA,NA,NA,NA,NA
28/1/2023,4.53962183,NA,NA,NA,NA,NA
29/1/2023,0.771923661,NA,NA,NA,NA,NA
30/1/2023,8.939263344,NA,NA,NA,NA,NA
31/1/2023,3.121263742,NA,NA,NA,NA,NA
1/2/2023,6.689742088,NA,NA,NA,NA,NA
2/2/2023,7.924409866,NA,NA,NA,NA,NA
3/2/2023,5.509568691,NA,NA,NA,NA,NA
4/2/2023,12.7699585,NA,NA,NA,NA,NA
5/2/2023,3.564835072,NA,NA,NA,NA,NA
6/2/2023,3.687633276,NA,NA,NA,NA,NA
7/2/2023,0.304135174,NA,NA,NA,NA,NA
8/2/2023,1.482987165,NA,NA,NA,NA,NA
9/2/2023,8.933488846,NA,NA,NA,NA,NA
10/2/2023,1.580909133,NA,NA,NA,NA,NA
11/2/2023,0.722930312,NA,NA,NA,NA,NA
12/2/2023,0.223510981,NA,NA,NA,NA,NA
13/2/2023,11.92428684,NA,NA,NA,NA,NA
14/2/2023,10.32025146,NA,NA,NA,NA,NA
15/2/2023,13.64540195,NA,NA,NA,NA,NA
16/2/2023,10.32615852,NA,NA,NA,NA,NA
17/2/2023,12.02243996,NA,NA,NA,NA,NA
18/2/2023,20.83765221,NA,NA,NA,NA,NA
19/2/2023,5.902460575,NA,NA,NA,NA,NA
20/2/2023,1.609069347,NA,NA,NA,NA,NA
21/2/2023,0.146416247,NA,NA,NA,NA,NA
22/2/2023,1.264957666,NA,NA,NA,NA,NA
23/2/2023,0.144044638,NA,NA,NA,NA,NA
24/2/2023,0.153193235,NA,NA,NA,NA,NA
25/2/2023,0.14860408,NA,NA,NA,NA,NA
26/2/2023,NA,NA,NA,NA,NA,NA
27/2/2023,0.271169156,NA,NA,NA,NA,NA
28/2/2023,0.122371271,NA,NA,NA,NA,NA
1/3/2023,0.67223829,NA,NA,NA,NA,NA
2/3/2023,1.390950084,NA,NA,NA,NA,NA
3/3/2023,0.77010268,NA,NA,NA,NA,NA
4/3/2023,0.200665936,NA,NA,NA,NA,NA
5/3/2023,0.859654367,NA,NA,NA,NA,NA
6/3/2023,0.350791693,NA,NA,NA,NA,NA
7/3/2023,0.610426605,NA,NA,NA,NA,NA
8/3/2023,0.343894929,NA,NA,NA,NA,NA
9/3/2023,0.318449408,NA,NA,NA,NA,NA
10/3/2023,NA,NA,NA,NA,NA,NA
11/3/2023,NA,NA,NA,NA,NA,NA
12/3/2023,NA,NA,NA,NA,NA,NA
13/3/2023,0.172358781,NA,NA,NA,NA,NA
14/3/2023,NA,NA,NA,NA,NA,NA
15/3/2023,0.129326358,NA,NA,NA,NA,NA
16/3/2023,0.795874596,NA,NA,NA,NA,NA
17/3/2023,0.275433838,NA,NA,NA,NA,NA
18/3/2023,0.365331531,NA,NA,NA,NA,NA
19/3/2023,0.164540336,NA,NA,NA,NA,NA
20/3/2023,0.376440257,NA,NA,NA,NA,NA
21/3/2023,1.349663019,NA,NA,NA,NA,NA
22/3/2023,0.356702507,NA,NA,NA,NA,NA
23/3/2023,2.272584438,NA,NA,NA,NA,NA
24/3/2023,1.190915108,NA,NA,NA,NA,NA
25/3/2023,0.260876358,NA,NA,NA,NA,NA
26/3/2023,NA,NA,NA,NA,NA,NA
27/3/2023,0.983832777,NA,NA,NA,NA,NA
28/3/2023,0.424672127,NA,NA,NA,NA,NA
29/3/2023,2.503572702,NA,NA,NA,NA,NA
30/3/2023,1.031266928,NA,NA,NA,NA,NA
31/3/2023,1.390330791,NA,NA,NA,NA,NA
1/4/2023,1.486799359,NA,NA,NA,NA,NA
2/4/2023,0.390019566,NA,NA,NA,NA,NA
3/4/2023,0.545165956,NA,NA,NA,NA,NA
4/4/2023,NA,NA,NA,NA,NA,NA
5/4/2023,NA,NA,NA,NA,NA,NA
6/4/2023,NA,NA,NA,NA,NA,NA
7/4/2023,NA,NA,NA,NA,NA,NA
8/4/2023,NA,NA,NA,NA,NA,NA
9/4/2023,NA,NA,NA,NA,NA,NA
10/4/2023,0.532760084,NA,NA,NA,NA,NA
11/4/2023,0.634880364,NA,NA,NA,NA,NA
12/4/2023,NA,NA,NA,NA,NA,NA
13/4/2023,NA,NA,NA,NA,NA,NA
14/4/2023,NA,NA,NA,NA,NA,NA
15/4/2023,NA,NA,NA,NA,NA,NA
16/4/2023,0.115969501,NA,NA,NA,NA,NA
17/4/2023,NA,NA,NA,NA,NA,NA
18/4/2023,NA,NA,NA,NA,NA,NA
19/4/2023,NA,NA,NA,NA,NA,NA
20/4/2023,NA,NA,NA,NA,NA,NA
21/4/2023,NA,NA,NA,NA,NA,NA
22/4/2023,NA,NA,NA,NA,NA,NA
23/4/2023,NA,NA,NA,NA,NA,NA
24/4/2023,NA,NA,NA,NA,NA,NA
25/4/2023,NA,NA,NA,NA,NA,NA
26/4/2023,NA,NA,NA,NA,NA,NA
27/4/2023,NA,NA,NA,NA,NA,NA
28/4/2023,NA,NA,NA,NA,NA,NA
29/4/2023,NA,NA,NA,NA,NA,NA
30/4/2023,NA,NA,NA,NA,NA,NA
1/5/2023,NA,NA,NA,NA,NA,NA
2/5/2023,NA,NA,NA,NA,NA,NA
3/5/2023,NA,NA,NA,NA,NA,NA
4/5/2023,NA,NA,NA,NA,NA,NA
5/5/2023,NA,NA,NA,NA,NA,NA
6/5/2023,NA,NA,NA,NA,NA,NA
7/5/2023,NA,NA,NA,NA,NA,NA
8/5/2023,NA,NA,NA,NA,NA,NA
9/5/2023,NA,NA,NA,NA,NA,NA
10/5/2023,NA,NA,NA,NA,NA,NA
11/5/2023,NA,NA,NA,NA,NA,NA
12/5/2023,NA,NA,NA,NA,NA,NA
13/5/2023,NA,NA,NA,NA,NA,NA
14/5/2023,NA,NA,NA,NA,NA,NA
15/5/2023,NA,NA,NA,NA,NA,NA
16/5/2023,0.174569115,NA,NA,NA,NA,NA
17/5/2023,0.322479367,NA,NA,NA,NA,NA
18/5/2023,0.298931032,NA,NA,NA,NA,NA
19/5/2023,NA,NA,NA,NA,NA,NA
20/5/2023,NA,NA,NA,NA,NA,NA
21/5/2023,NA,NA,NA,NA,NA,NA
22/5/2023,NA,NA,NA,NA,NA,NA
23/5/2023,NA,NA,NA,NA,NA,NA
24/5/2023,NA,NA,NA,NA,NA,NA
25/5/2023,NA,NA,NA,NA,NA,NA
26/5/2023,NA,NA,NA,NA,NA,NA
27/5/2023,NA,NA,NA,NA,NA,NA
28/5/2023,NA,NA,NA,NA,NA,NA
29/5/2023,NA,NA,NA,NA,NA,NA
30/5/2023,NA,NA,NA,NA,NA,NA
31/5/2023,NA,NA,NA,NA,NA,NA
1/6/2023,NA,NA,NA,NA,NA,NA
2/6/2023,NA,NA,NA,NA,NA,NA
3/6/2023,NA,NA,NA,NA,NA,NA
4/6/2023,NA,NA,NA,NA,NA,NA
5/6/2023,NA,NA,NA,NA,NA,NA
6/6/2023,NA,NA,NA,NA,NA,NA
7/6/2023,NA,NA,NA,NA,NA,NA
8/6/2023,NA,NA,NA,NA,NA,NA
9/6/2023,NA,NA,NA,NA,NA,NA
10/6/2023,NA,NA,NA,NA,NA,NA
11/6/2023,NA,NA,NA,NA,NA,NA
12/6/2023,NA,NA,NA,NA,NA,NA
13/6/2023,NA,NA,NA,NA,NA,NA
14/6/2023,NA,NA,NA,NA,NA,NA
15/6/2023,NA,NA,NA,NA,NA,NA
16/6/2023,NA,NA,NA,NA,NA,NA
17/6/2023,NA,NA,NA,NA,NA,NA
18/6/2023,NA,NA,NA,NA,NA,NA
19/6/2023,NA,NA,NA,NA,NA,NA
20/6/2023,NA,NA,NA,NA,NA,NA
21/6/2023,NA,NA,NA,NA,NA,NA
22/6/2023,NA,NA,NA,NA,NA,NA
23/6/2023,NA,NA,NA,NA,NA,NA
24/6/2023,NA,NA,NA,NA,NA,NA
25/6/2023,NA,NA,NA,NA,NA,NA
26/6/2023,NA,NA,NA,NA,NA,NA
27/6/2023,NA,NA,NA,NA,NA,NA
28/6/2023,NA,NA,NA,NA,NA,NA
29/6/2023,NA,NA,NA,NA,NA,NA
30/6/2023,NA,NA,NA,NA,NA,NA
1/7/2023,NA,NA,NA,NA,NA,NA
2/7/2023,NA,NA,NA,NA,NA,NA
3/7/2023,NA,NA,NA,NA,NA,NA
4/7/2023,NA,NA,NA,NA,NA,NA
5/7/2023,NA,NA,NA,NA,NA,NA
6/7/2023,NA,NA,NA,NA,NA,NA
7/7/2023,NA,NA,NA,NA,NA,NA
8/7/2023,NA,NA,NA,NA,NA,NA
9/7/2023,NA,NA,NA,NA,NA,NA
10/7/2023,NA,NA,NA,NA,NA,NA
11/7/2023,NA,NA,NA,NA,NA,NA
12/7/2023,NA,NA,NA,NA,NA,NA
13/7/2023,NA,NA,NA,NA,NA,NA
14/7/2023,NA,NA,NA,NA,NA,NA
15/7/2023,NA,NA,NA,NA,NA,NA
16/7/2023,NA,NA,NA,NA,NA,NA
17/7/2023,NA,NA,NA,NA,NA,NA
18/7/2023,NA,NA,NA,NA,NA,NA
19/7/2023,NA,NA,NA,NA,NA,NA
20/7/2023,NA,NA,NA,NA,NA,NA
21/7/2023,0.593018651,NA,NA,NA,NA,NA
22/7/2023,NA,NA,NA,NA,NA,NA
23/7/2023,NA,NA,NA,NA,NA,NA
24/7/2023,NA,NA,NA,NA,NA,NA
25/7/2023,NA,NA,NA,NA,NA,NA
26/7/2023,NA,NA,NA,NA,NA,NA
27/7/2023,NA,NA,NA,NA,NA,NA
28/7/2023,NA,NA,NA,NA,NA,NA
29/7/2023,NA,NA,NA,NA,NA,NA
30/7/2023,NA,NA,NA,NA,NA,NA
31/7/2023,NA,NA,NA,NA,NA,NA
1/8/2023,NA,NA,NA,NA,NA,NA
2/8/2023,NA,NA,NA,NA,NA,NA
3/8/2023,NA,NA,NA,NA,NA,NA
4/8/2023,NA,NA,NA,NA,NA,NA
5/8/2023,NA,NA,NA,NA,NA,NA
6/8/2023,NA,NA,NA,NA,NA,NA
7/8/2023,NA,NA,NA,NA,NA,NA
8/8/2023,NA,NA,NA,NA,NA,NA
9/8/2023,NA,NA,NA,NA,NA,NA
10/8/2023,NA,NA,NA,NA,NA,NA
11/8/2023,NA,NA,NA,NA,NA,NA
12/8/2023,NA,NA,NA,NA,NA,NA
13/8/2023,NA,NA,NA,NA,NA,NA
14/8/2023,NA,NA,NA,NA,NA,NA
15/8/2023,NA,NA,NA,NA,NA,NA
16/8/2023,NA,NA,NA,NA,NA,NA
17/8/2023,NA,NA,NA,NA,NA,NA
18/8/2023,NA,NA,NA,NA,NA,NA
19/8/2023,NA,NA,NA,NA,NA,NA
20/8/2023,NA,NA,NA,NA,NA,NA
21/8/2023,NA,NA,NA,NA,NA,NA
22/8/2023,NA,NA,NA,NA,NA,NA
23/8/2023,NA,NA,NA,NA,NA,NA
24/8/2023,NA,NA,NA,NA,NA,NA
25/8/2023,NA,NA,NA,NA,NA,NA
26/8/2023,NA,NA,NA,NA,NA,NA
27/8/2023,0.116213441,NA,NA,NA,NA,NA
28/8/2023,NA,NA,NA,NA,NA,NA
29/8/2023,NA,NA,NA,NA,NA,NA
30/8/2023,NA,NA,NA,NA,NA,NA
31/8/2023,NA,NA,NA,NA,NA,NA
1/9/2023,NA,NA,NA,NA,NA,NA
2/9/2023,NA,NA,NA,NA,NA,NA
3/9/2023,NA,NA,NA,NA,NA,NA
4/9/2023,NA,NA,NA,NA,NA,NA
5/9/2023,NA,NA,NA,NA,NA,NA
6/9/2023,NA,NA,NA,NA,NA,NA
7/9/2023,NA,NA,NA,NA,NA,NA
8/9/2023,NA,NA,NA,NA,NA,NA
9/9/2023,NA,NA,NA,NA,NA,NA
10/9/2023,NA,NA,NA,NA,NA,NA
11/9/2023,NA,NA,NA,NA,NA,NA
12/9/2023,NA,NA,NA,NA,NA,NA
13/9/2023,NA,NA,NA,NA,NA,NA
14/9/2023,NA,NA,NA,NA,NA,NA
15/9/2023,NA,NA,NA,NA,NA,NA
16/9/2023,NA,NA,NA,NA,NA,NA
17/9/2023,NA,NA,NA,NA,NA,NA
18/9/2023,NA,NA,NA,NA,NA,NA
19/9/2023,NA,NA,NA,NA,NA,NA
20/9/2023,0.156090036,NA,NA,NA,NA,NA
21/9/2023,NA,NA,NA,NA,NA,NA
22/9/2023,NA,NA,NA,NA,NA,NA
23/9/2023,NA,NA,NA,NA,NA,NA
24/9/2023,NA,NA,NA,NA,NA,NA
25/9/2023,0.114113681,NA,NA,NA,NA,NA
26/9/2023,0.154636294,NA,NA,NA,NA,NA
27/9/2023,NA,NA,NA,NA,NA,NA
28/9/2023,0.129156604,NA,NA,NA,NA,NA
29/9/2023,0.12358088,NA,NA,NA,NA,NA
30/9/2023,NA,NA,NA,NA,NA,NA
1/10/2023,NA,NA,NA,NA,NA,NA
2/10/2023,NA,NA,NA,NA,NA,NA
3/10/2023,NA,NA,NA,NA,NA,NA
4/10/2023,NA,NA,NA,NA,NA,NA
5/10/2023,NA,NA,NA,NA,NA,NA
6/10/2023,NA,NA,NA,NA,NA,NA
7/10/2023,NA,NA,NA,NA,NA,NA
8/10/2023,NA,NA,NA,NA,NA,NA
9/10/2023,NA,NA,NA,NA,NA,NA
10/10/2023,NA,NA,NA,NA,NA,NA
11/10/2023,NA,NA,NA,NA,NA,NA
12/10/2023,NA,NA,NA,NA,NA,NA
13/10/2023,0.6281389,NA,NA,NA,NA,NA
14/10/2023,0.594850659,NA,NA,NA,NA,NA
15/10/2023,2.253424406,NA,NA,NA,NA,NA
16/10/2023,3.390012741,NA,NA,NA,NA,NA
17/10/2023,0.651175022,NA,NA,NA,NA,NA
18/10/2023,0.154100731,NA,NA,NA,NA,NA
19/10/2023,NA,NA,NA,NA,NA,NA
20/10/2023,NA,NA,NA,NA,NA,NA
21/10/2023,NA,NA,NA,NA,NA,NA
22/10/2023,0.736712277,NA,NA,NA,NA,NA
23/10/2023,1.021628976,NA,NA,NA,NA,NA
24/10/2023,0.128539994,NA,NA,NA,NA,NA
25/10/2023,0.670364499,NA,NA,NA,NA,NA
26/10/2023,0.398554146,NA,NA,NA,NA,NA
27/10/2023,NA,NA,NA,NA,NA,NA
28/10/2023,NA,NA,NA,NA,NA,NA
29/10/2023,1.173162699,NA,NA,NA,NA,NA
30/10/2023,3.334807634,NA,NA,NA,NA,NA
31/10/2023,2.265784979,NA,NA,NA,NA,NA
1/11/2023,3.323704004,NA,NA,NA,NA,NA
2/11/2023,1.146504402,NA,NA,NA,NA,NA
3/11/2023,0.492704511,NA,NA,NA,NA,NA
4/11/2023,0.363767982,NA,NA,NA,NA,NA
5/11/2023,0.14044857,NA,NA,NA,NA,NA
6/11/2023,0.256710231,NA,NA,NA,NA,NA
7/11/2023,2.144537687,NA,NA,NA,NA,NA
8/11/2023,0.178323388,NA,NA,NA,NA,NA
9/11/2023,NA,NA,NA,NA,NA,NA
10/11/2023,0.314495355,NA,NA,NA,NA,NA
11/11/2023,NA,NA,NA,NA,NA,NA
12/11/2023,NA,NA,NA,NA,NA,NA
13/11/2023,NA,NA,NA,NA,NA,NA
14/11/2023,0.764865756,NA,NA,NA,NA,NA
15/11/2023,NA,NA,NA,NA,NA,NA
16/11/2023,NA,NA,NA,NA,NA,NA
17/11/2023,NA,NA,NA,NA,NA,NA
18/11/2023,NA,NA,NA,NA,NA,NA
19/11/2023,NA,NA,NA,NA,NA,NA
20/11/2023,0.258828133,NA,NA,NA,NA,NA
21/11/2023,2.558520794,NA,NA,NA,NA,NA
22/11/2023,0.870726347,NA,NA,NA,NA,NA
23/11/2023,0.145652071,NA,NA,NA,NA,NA
24/11/2023,0.544083834,NA,NA,NA,NA,NA
25/11/2023,1.817257047,NA,NA,NA,NA,NA
26/11/2023,0.973699152,NA,NA,NA,NA,NA
27/11/2023,0.481675982,NA,NA,NA,NA,NA
28/11/2023,0.36523214,NA,NA,NA,NA,NA
29/11/2023,0.632482588,NA,NA,NA,NA,NA
30/11/2023,3.075054884,NA,NA,NA,NA,NA
1/12/2023,0.275994211,NA,NA,NA,NA,NA
2/12/2023,NA,NA,NA,NA,NA,NA
3/12/2023,NA,NA,NA,NA,NA,NA
4/12/2023,NA,NA,NA,NA,NA,NA
5/12/2023,NA,NA,NA,NA,NA,NA
6/12/2023,0.110609911,NA,NA,NA,NA,NA
7/12/2023,0.124629468,NA,NA,NA,NA,NA
8/12/2023,1.464359522,NA,NA,NA,NA,NA
9/12/2023,0.87766391,NA,NA,NA,NA,NA
11/12/2023,1.231149197,NA,NA,NA,NA,NA
12/12/2023,1.121841788,NA,NA,NA,NA,NA
13/12/2023,3.009027481,NA,NA,NA,NA,NA
14/12/2023,1.153371215,NA,NA,NA,NA,NA
15/12/2023,2.757263899,NA,NA,NA,NA,NA
16/12/2023,11.69280624,NA,NA,NA,NA,NA
17/12/2023,5.998167038,NA,NA,NA,NA,NA
18/12/2023,17.31207466,NA,NA,NA,NA,NA
19/12/2023,4.287938118,NA,NA,NA,NA,NA
20/12/2023,0.276211768,NA,NA,NA,NA,NA
21/12/2023,1.177866817,NA,NA,NA,NA,NA
22/12/2023,0.544451654,NA,NA,NA,NA,NA
23/12/2023,4.117108822,NA,NA,NA,NA,NA
24/12/2023,0.848590493,NA,NA,NA,NA,NA
25/12/2023,20.21596909,NA,NA,NA,NA,NA
26/12/2023,9.818658829,NA,NA,NA,NA,NA
27/12/2023,11.04585838,NA,NA,NA,NA,NA
28/12/2023,2.62835145,NA,NA,NA,NA,NA
29/12/2023,0.742721677,NA,NA,NA,NA,NA
30/12/2023,0.822654009,NA,NA,NA,NA,NA
31/12/2023,0.673633814,NA,NA,NA,NA,NA
1/1/2024,3.624275684,NA,NA,NA,NA,NA
2/1/2024,0.810792506,NA,NA,NA,NA,NA
3/1/2024,0.617525339,NA,NA,NA,NA,NA
4/1/2024,2.762480736,NA,NA,NA,NA,NA
5/1/2024,3.550672293,NA,NA,NA,NA,NA
6/1/2024,2.806534052,NA,NA,NA,NA,NA
7/1/2024,0.177207947,NA,NA,NA,NA,NA
8/1/2024,1.247527242,NA,NA,NA,NA,NA
9/1/2024,9.306426048,NA,NA,NA,NA,NA
10/1/2024,3.003823996,NA,NA,NA,NA,NA
11/1/2024,10.14194584,NA,NA,NA,NA,NA
12/1/2024,9.290273666,NA,NA,NA,NA,NA
13/1/2024,5.636303425,NA,NA,NA,NA,NA
14/1/2024,21.19468307,NA,NA,NA,NA,NA
15/1/2024,31.69526482,NA,NA,NA,NA,NA
16/1/2024,17.73178864,NA,NA,NA,NA,NA
17/1/2024,16.72297096,NA,NA,NA,NA,NA
18/1/2024,22.14478493,NA,NA,NA,NA,NA
19/1/2024,3.987586498,NA,NA,NA,NA,NA
20/1/2024,3.416386604,NA,NA,NA,NA,NA
21/1/2024,0.704851747,NA,NA,NA,NA,NA
22/1/2024,0.349355638,NA,NA,NA,NA,NA
23/1/2024,NA,NA,NA,NA,NA,NA
24/1/2024,NA,NA,NA,NA,NA,NA
25/1/2024,NA,NA,NA,NA,NA,NA
26/1/2024,NA,NA,NA,NA,NA,NA
27/1/2024,NA,NA,NA,NA,NA,NA
28/1/2024,NA,NA,NA,NA,NA,NA
29/1/2024,0.533424258,NA,NA,NA,NA,NA
30/1/2024,0.210379541,NA,NA,NA,NA,NA
31/1/2024,0.504197836,NA,NA,NA,NA,NA
1/2/2024,1.051777363,NA,NA,NA,NA,NA
2/2/2024,0.323756695,NA,NA,NA,NA,NA
3/2/2024,0.153569013,NA,NA,NA,NA,NA
4/2/2024,NA,NA,NA,NA,NA,NA
5/2/2024,NA,NA,NA,NA,NA,NA
6/2/2024,0.326513827,NA,NA,NA,NA,NA
7/2/2024,1.570002675,NA,NA,NA,NA,NA
8/2/2024,0.194051445,NA,NA,NA,NA,NA
9/2/2024,NA,NA,NA,NA,NA,NA
10/2/2024,0.238325134,NA,NA,NA,NA,NA
11/2/2024,0.316951036,NA,NA,NA,NA,NA
12/2/2024,0.158249363,NA,NA,NA,NA,NA
13/2/2024,NA,NA,NA,NA,NA,NA
14/2/2024,NA,NA,NA,NA,NA,NA
15/2/2024,NA,NA,NA,NA,NA,NA
16/2/2024,NA,NA,NA,NA,NA,NA
17/2/2024,NA,NA,NA,NA,NA,NA
18/2/2024,0.12497735,NA,NA,NA,NA,NA
19/2/2024,0.135817394,NA,NA,NA,NA,NA
20/2/2024,NA,NA,NA,NA,NA,NA
21/2/2024,NA,NA,NA,NA,NA,NA
22/2/2024,NA,NA,NA,NA,NA,NA
23/2/2024,NA,NA,NA,NA,NA,NA
24/2/2024,NA,NA,NA,NA,NA,NA
25/2/2024,NA,NA,NA,NA,NA,NA
26/2/2024,1.853433251,NA,NA,NA,NA,NA
27/2/2024,1.425598502,NA,NA,NA,NA,NA
28/2/2024,NA,NA,NA,NA,NA,NA
29/2/2024,NA,NA,NA,NA,NA,NA
1/3/2024,NA,NA,NA,NA,NA,NA
2/3/2024,NA,NA,NA,NA,NA,NA
3/3/2024,NA,NA,NA,NA,NA,NA
4/3/2024,NA,NA,NA,NA,NA,NA
5/3/2024,0.460762858,NA,NA,NA,NA,NA
6/3/2024,0.590134203,NA,NA,NA,NA,NA
7/3/2024,0.753788769,NA,NA,NA,NA,NA
8/3/2024,2.28984952,NA,NA,NA,NA,NA
9/3/2024,1.935644746,NA,NA,NA,NA,NA
10/3/2024,0.190452218,NA,NA,NA,NA,NA
11/3/2024,NA,NA,NA,NA,NA,NA
12/3/2024,NA,NA,NA,NA,NA,NA
13/3/2024,NA,NA,NA,NA,NA,NA
14/3/2024,1.204101324,NA,NA,NA,NA,NA
15/3/2024,0.560305476,NA,NA,NA,NA,NA
16/3/2024,0.768875539,NA,NA,NA,NA,NA
17/3/2024,0.120298915,NA,NA,NA,NA,NA
18/3/2024,0.168657765,NA,NA,NA,NA,NA
19/3/2024,NA,NA,NA,NA,NA,NA
20/3/2024,NA,NA,NA,NA,NA,NA
21/3/2024,NA,NA,NA,NA,NA,NA
22/3/2024,NA,NA,NA,NA,NA,NA
23/3/2024,NA,NA,NA,NA,NA,NA
24/3/2024,0.169845685,NA,NA,NA,NA,NA
25/3/2024,NA,NA,NA,NA,NA,NA
26/3/2024,0.548651516,NA,NA,NA,NA,NA
27/3/2024,0.408610255,NA,NA,NA,NA,NA
28/3/2024,1.211324096,NA,NA,NA,NA,NA
29/3/2024,2.710789204,NA,NA,NA,NA,NA
30/3/2024,0.278153867,NA,NA,NA,NA,NA
31/3/2024,0.140927672,NA,NA,NA,NA,NA
1/4/2024,0.130101308,NA,NA,NA,NA,NA
2/4/2024,NA,NA,NA,NA,NA,NA
3/4/2024,1.105806708,NA,NA,NA,NA,NA
4/4/2024,0.287514925,NA,NA,NA,NA,NA
5/4/2024,0.203521699,NA,NA,NA,NA,NA
6/4/2024,2.166145563,NA,NA,NA,NA,NA
7/4/2024,9.4027071,NA,NA,NA,NA,NA
8/4/2024,4.281788826,NA,NA,NA,NA,NA
9/4/2024,6.237616062,NA,NA,NA,NA,NA
10/4/2024,10.21739578,NA,NA,NA,NA,NA
11/4/2024,0.287220687,NA,NA,NA,NA,NA
12/4/2024,0.27706781,NA,NA,NA,NA,NA
13/4/2024,1.691444874,NA,NA,NA,NA,NA
14/4/2024,1.023275495,NA,NA,NA,NA,NA
15/4/2024,0.388361633,NA,NA,NA,NA,NA
16/4/2024,1.190207958,NA,NA,NA,NA,NA
17/4/2024,0.186867416,NA,NA,NA,NA,NA
18/4/2024,NA,NA,NA,NA,NA,NA
19/4/2024,NA,NA,NA,NA,NA,NA
20/4/2024,NA,NA,NA,NA,NA,NA
21/4/2024,NA,NA,NA,NA,NA,NA
22/4/2024,NA,NA,NA,NA,NA,NA
23/4/2024,NA,NA,NA,NA,NA,NA
24/4/2024,NA,NA,NA,NA,NA,NA
25/4/2024,NA,NA,NA,NA,NA,NA
26/4/2024,NA,NA,NA,NA,NA,NA
27/4/2024,NA,NA,NA,NA,NA,NA
28/4/2024,NA,NA,NA,NA,NA,NA
29/4/2024,NA,NA,NA,NA,NA,NA
30/4/2024,NA,NA,NA,NA,NA,NA
1/5/2024,NA,NA,NA,NA,NA,NA
2/5/2024,NA,NA,NA,NA,NA,NA
3/5/2024,NA,NA,NA,NA,NA,NA
4/5/2024,NA,NA,NA,NA,NA,NA
5/5/2024,NA,NA,NA,NA,NA,NA
6/5/2024,NA,NA,NA,NA,NA,NA
7/5/2024,NA,NA,NA,NA,NA,NA
8/5/2024,NA,NA,NA,NA,NA,NA
9/5/2024,NA,NA,NA,NA,NA,NA
10/5/2024,NA,NA,NA,NA,NA,NA
11/5/2024,NA,NA,NA,NA,NA,NA
12/5/2024,NA,NA,NA,NA,NA,NA
13/5/2024,0.11438176,NA,NA,NA,NA,NA
14/5/2024,NA,NA,NA,NA,NA,NA
15/5/2024,NA,NA,NA,NA,NA,NA
16/5/2024,NA,NA,NA,NA,NA,NA
17/5/2024,NA,NA,NA,NA,NA,NA
18/5/2024,NA,NA,NA,NA,NA,NA
19/5/2024,NA,NA,NA,NA,NA,NA
20/5/2024,NA,NA,NA,NA,NA,NA
21/5/2024,NA,NA,NA,NA,NA,NA
22/5/2024,NA,NA,NA,NA,NA,NA
23/5/2024,NA,NA,NA,NA,NA,NA
24/5/2024,NA,NA,NA,NA,NA,NA
25/5/2024,NA,NA,NA,NA,NA,NA
26/5/2024,NA,NA,NA,NA,NA,NA
27/5/2024,NA,NA,NA,NA,NA,NA
28/5/2024,NA,NA,NA,NA,NA,NA
29/5/2024,NA,NA,NA,NA,NA,NA
30/5/2024,NA,NA,NA,NA,NA,NA
31/5/2024,NA,NA,NA,NA,NA,NA
1/6/2024,NA,NA,NA,NA,NA,NA
2/6/2024,NA,NA,NA,NA,NA,NA
3/6/2024,NA,NA,NA,NA,NA,NA
4/6/2024,NA,NA,NA,NA,NA,NA
5/6/2024,NA,NA,NA,NA,NA,NA
6/6/2024,NA,NA,NA,NA,NA,NA
7/6/2024,NA,NA,NA,NA,NA,NA
8/6/2024,NA,NA,NA,NA,NA,NA
9/6/2024,NA,NA,NA,NA,NA,NA
10/6/2024,NA,NA,NA,NA,NA,NA
11/6/2024,NA,NA,NA,NA,NA,NA
12/6/2024,NA,NA,NA,NA,NA,NA
13/6/2024,NA,NA,NA,NA,NA,NA
14/6/2024,NA,NA,NA,NA,NA,NA
15/6/2024,NA,NA,NA,NA,NA,NA
16/6/2024,NA,NA,NA,NA,NA,NA
17/6/2024,NA,NA,NA,NA,NA,NA
18/6/2024,NA,NA,NA,NA,NA,NA
19/6/2024,NA,NA,NA,NA,NA,NA
20/6/2024,NA,NA,NA,NA,NA,NA
21/6/2024,NA,NA,NA,NA,NA,NA
22/6/2024,NA,NA,NA,NA,NA,NA
23/6/2024,NA,NA,NA,NA,NA,NA
24/6/2024,NA,NA,NA,NA,NA,NA
25/6/2024,NA,NA,NA,NA,NA,NA
26/6/2024,NA,NA,NA,NA,NA,NA
27/6/2024,0.117937505,NA,NA,NA,NA,NA
28/6/2024,0.237724721,NA,NA,NA,NA,NA
29/6/2024,NA,NA,NA,NA,NA,NA
30/6/2024,NA,NA,NA,NA,NA,NA
1/7/2024,NA,NA,NA,NA,NA,NA
2/7/2024,NA,NA,NA,NA,NA,NA
3/7/2024,NA,NA,NA,NA,NA,NA
4/7/2024,NA,NA,NA,NA,NA,NA
5/7/2024,NA,NA,NA,NA,NA,NA
6/7/2024,NA,NA,NA,NA,NA,NA
7/7/2024,NA,NA,NA,NA,NA,NA
8/7/2024,NA,NA,NA,NA,NA,NA
9/7/2024,NA,NA,NA,NA,NA,NA
10/7/2024,NA,NA,NA,NA,NA,NA
11/7/2024,NA,NA,NA,NA,NA,NA
12/7/2024,NA,NA,NA,NA,NA,NA
13/7/2024,NA,NA,NA,NA,NA,NA
14/7/2024,NA,NA,NA,NA,NA,NA
15/7/2024,NA,NA,NA,NA,NA,NA
16/7/2024,NA,NA,NA,NA,NA,NA
17/7/2024,NA,NA,NA,NA,NA,NA
18/7/2024,NA,NA,NA,NA,NA,NA
19/7/2024,NA,NA,NA,NA,NA,NA
20/7/2024,NA,NA,NA,NA,NA,NA
21/7/2024,NA,NA,NA,NA,NA,NA
22/7/2024,NA,NA,NA,NA,NA,NA
23/7/2024,NA,NA,NA,NA,NA,NA
24/7/2024,NA,NA,NA,NA,NA,NA
25/7/2024,NA,NA,NA,NA,NA,NA
26/7/2024,NA,NA,NA,NA,NA,NA
27/7/2024,NA,NA,NA,NA,NA,NA
28/7/2024,NA,NA,NA,NA,NA,NA
29/7/2024,NA,NA,NA,NA,NA,NA
30/7/2024,NA,NA,NA,NA,NA,NA
31/7/2024,NA,NA,NA,NA,NA,NA
1/8/2024,NA,NA,NA,NA,NA,NA
2/8/2024,NA,NA,NA,NA,NA,NA
3/8/2024,NA,NA,NA,NA,NA,NA
4/8/2024,NA,NA,NA,NA,NA,NA
5/8/2024,NA,NA,NA,NA,NA,NA
6/8/2024,NA,NA,NA,NA,NA,NA
7/8/2024,NA,NA,NA,NA,NA,NA
8/8/2024,NA,NA,NA,NA,NA,NA
9/8/2024,NA,NA,NA,NA,NA,NA
10/8/2024,NA,NA,NA,NA,NA,NA
11/8/2024,NA,NA,NA,NA,NA,NA
12/8/2024,NA,NA,NA,NA,NA,NA
13/8/2024,NA,NA,NA,NA,NA,NA
14/8/2024,NA,NA,NA,NA,NA,NA
15/8/2024,NA,NA,NA,NA,NA,NA
16/8/2024,NA,NA,NA,NA,NA,NA
17/8/2024,NA,NA,NA,NA,NA,NA
18/8/2024,NA,NA,NA,NA,NA,NA
19/8/2024,NA,NA,NA,NA,NA,NA
20/8/2024,NA,NA,NA,NA,NA,NA
21/8/2024,NA,NA,NA,NA,NA,NA
22/8/2024,NA,NA,NA,NA,NA,NA
23/8/2024,NA,NA,NA,NA,NA,NA
24/8/2024,NA,NA,NA,NA,NA,NA
25/8/2024,NA,NA,NA,NA,NA,NA
26/8/2024,NA,NA,NA,NA,NA,NA
27/8/2024,NA,NA,NA,NA,NA,NA
28/8/2024,NA,NA,NA,NA,NA,NA
29/8/2024,NA,NA,NA,NA,NA,NA
30/8/2024,NA,NA,NA,NA,NA,NA
31/8/2024,NA,NA,NA,NA,NA,NA
1/9/2024,NA,NA,NA,NA,NA,NA
2/9/2024,NA,NA,NA,NA,NA,NA
3/9/2024,NA,NA,NA,NA,NA,NA
4/9/2024,NA,NA,NA,NA,NA,NA
5/9/2024,NA,NA,NA,NA,NA,NA
6/9/2024,NA,NA,NA,NA,NA,NA
7/9/2024,NA,NA,NA,NA,NA,NA
8/9/2024,NA,NA,NA,NA,NA,NA
9/9/2024,NA,NA,NA,NA,NA,NA
10/9/2024,NA,NA,NA,NA,NA,NA
11/9/2024,NA,NA,NA,NA,NA,NA
12/9/2024,NA,NA,NA,NA,NA,NA
13/9/2024,NA,NA,NA,NA,NA,NA
14/9/2024,NA,NA,NA,NA,NA,NA
15/9/2024,NA,NA,NA,NA,NA,NA
16/9/2024,NA,NA,NA,NA,NA,NA
17/9/2024,NA,NA,NA,NA,NA,NA
18/9/2024,NA,NA,NA,NA,NA,NA
19/9/2024,NA,NA,NA,NA,NA,NA
20/9/2024,0.165169865,NA,NA,NA,NA,NA
21/9/2024,0.281337172,NA,NA,NA,NA,NA
22/9/2024,0.913064837,NA,NA,NA,NA,NA
23/9/2024,NA,NA,NA,NA,NA,NA
24/9/2024,NA,NA,NA,NA,NA,NA
25/9/2024,NA,NA,NA,NA,NA,NA
26/9/2024,NA,NA,NA,NA,NA,NA
27/9/2024,NA,NA,NA,NA,NA,NA
28/9/2024,NA,NA,NA,NA,NA,NA
29/9/2024,NA,NA,NA,NA,NA,NA
30/9/2024,NA,NA,NA,NA,NA,NA
1/10/2024,NA,NA,NA,NA,NA,NA
2/10/2024,2.92271924,NA,NA,NA,NA,NA
3/10/2024,0.205414772,NA,NA,NA,NA,NA
4/10/2024,NA,NA,NA,NA,NA,NA
5/10/2024,NA,NA,NA,NA,NA,NA
6/10/2024,NA,NA,NA,NA,NA,NA
7/10/2024,NA,NA,NA,NA,NA,NA
8/10/2024,NA,NA,NA,NA,NA,NA
9/10/2024,NA,NA,NA,NA,NA,NA
10/10/2024,NA,NA,NA,NA,NA,NA
11/10/2024,NA,NA,NA,NA,NA,NA
12/10/2024,NA,NA,NA,NA,NA,NA
13/10/2024,NA,NA,NA,NA,NA,NA
14/10/2024,0.130380407,NA,NA,NA,NA,NA
15/10/2024,9.634449005,NA,NA,NA,NA,NA
16/10/2024,0.246651277,NA,NA,NA,NA,NA
17/10/2024,NA,NA,NA,NA,NA,NA
18/10/2024,NA,NA,NA,NA,NA,NA
19/10/2024,NA,NA,NA,NA,NA,NA
20/10/2024,NA,NA,NA,NA,NA,NA
21/10/2024,NA,NA,NA,NA,NA,NA
22/10/2024,0.179930061,NA,NA,NA,NA,NA
23/10/2024,0.389033884,NA,NA,NA,NA,NA
24/10/2024,NA,NA,NA,NA,NA,NA
25/10/2024,NA,NA,NA,NA,NA,NA
26/10/2024,0.168693587,NA,NA,NA,NA,NA
27/10/2024,0.654522181,NA,NA,NA,NA,NA
28/10/2024,1.886082411,NA,NA,NA,NA,NA
29/10/2024,0.1906517,NA,NA,NA,NA,NA
30/10/2024,NA,NA,NA,NA,NA,NA
31/10/2024,0.832912147,NA,NA,NA,NA,NA
1/11/2024,3.358743906,NA,NA,NA,NA,NA
2/11/2024,0.579081893,NA,NA,NA,NA,NA
3/11/2024,NA,NA,NA,NA,NA,NA
4/11/2024,0.10126286,NA,NA,NA,NA,NA
5/11/2024,0.894496083,NA,NA,NA,NA,NA
6/11/2024,2.071134329,NA,NA,NA,NA,NA
7/11/2024,0.85181421,NA,NA,NA,NA,NA
8/11/2024,0.407489598,NA,NA,NA,NA,NA
9/11/2024,0.387980103,NA,NA,NA,NA,NA
10/11/2024,0.243077055,NA,NA,NA,NA,NA
11/11/2024,2.810208797,NA,NA,NA,NA,NA
12/11/2024,3.954126596,NA,NA,NA,NA,NA
13/11/2024,2.790548563,NA,NA,NA,NA,NA
14/11/2024,4.164795399,NA,NA,NA,NA,NA
15/11/2024,1.810041785,NA,NA,NA,NA,NA
16/11/2024,2.169068813,NA,NA,NA,NA,NA
17/11/2024,0.333640546,NA,NA,NA,NA,NA
18/11/2024,0.361651272,NA,NA,NA,NA,NA
19/11/2024,0.178054422,NA,NA,NA,NA,NA
20/11/2024,NA,NA,NA,NA,NA,NA
21/11/2024,NA,NA,NA,NA,NA,NA
22/11/2024,0.179575637,NA,NA,NA,NA,NA
23/11/2024,1.186006546,NA,NA,NA,NA,NA
24/11/2024,3.012244225,NA,NA,NA,NA,NA
25/11/2024,1.773357391,NA,NA,NA,NA,NA
26/11/2024,8.077960968,NA,NA,NA,NA,NA
27/11/2024,1.936861873,NA,NA,NA,NA,NA
28/11/2024,2.706612825,NA,NA,NA,NA,NA
29/11/2024,0.161402062,NA,NA,NA,NA,NA
30/11/2024,0.20490171,NA,NA,NA,NA,NA
1/12/2024,0.170439258,NA,NA,NA,NA,NA
2/12/2024,NA,NA,NA,NA,NA,NA
3/12/2024,NA,NA,NA,NA,NA,NA
4/12/2024,NA,NA,NA,NA,NA,NA
5/12/2024,NA,NA,NA,NA,NA,NA
6/12/2024,NA,NA,NA,NA,NA,NA
7/12/2024,0.281629324,NA,NA,NA,NA,NA
8/12/2024,0.336178333,NA,NA,NA,NA,NA
9/12/2024,0.365782917,NA,NA,NA,NA,NA
10/12/2024,0.276271671,NA,NA,NA,NA,NA
11/12/2024,NA,NA,NA,NA,NA,NA
12/12/2024,NA,NA,NA,NA,NA,NA
13/12/2024,0.140588358,NA,NA,NA,NA,NA
14/12/2024,0.424738288,NA,NA,NA,NA,NA
15/12/2024,0.7124753,NA,NA,NA,NA,NA
16/12/2024,3.143275976,NA,NA,NA,NA,NA
17/12/2024,1.85818398,NA,NA,NA,NA,NA
18/12/2024,9.978498459,NA,NA,NA,NA,NA
19/12/2024,5.231326103,NA,NA,NA,NA,NA
20/12/2024,5.347094536,NA,NA,NA,NA,NA
21/12/2024,0.23961316,NA,NA,NA,NA,NA
22/12/2024,0.328929275,NA,NA,NA,NA,NA
23/12/2024,2.384628534,NA,NA,NA,NA,NA
24/12/2024,2.76807642,NA,NA,NA,NA,NA
25/12/2024,2.696087837,NA,NA,NA,NA,NA
26/12/2024,1.778113604,NA,NA,NA,NA,NA
27/12/2024,2.039541006,NA,NA,NA,NA,NA
28/12/2024,1.969581008,NA,NA,NA,NA,NA
29/12/2024,7.422653675,NA,NA,NA,NA,NA
30/12/2024,10.77152538,NA,NA,NA,NA,NA
31/12/2024,8.583852768,NA,NA,NA,NA,NA
1/1/2025,9.042271614,NA,NA,NA,NA,NA
2/1/2025,11.85262585,NA,NA,NA,NA,NA
3/1/2025,14.79910183,NA,NA,NA,NA,NA
4/1/2025,10.4718504,NA,NA,NA,NA,NA
5/1/2025,7.96157074,NA,NA,NA,NA,NA
6/1/2025,3.762779951,NA,NA,NA,NA,NA
7/1/2025,5.300877571,NA,NA,NA,NA,NA
8/1/2025,3.568874359,NA,NA,NA,NA,NA
9/1/2025,3.634292364,NA,NA,NA,NA,NA
10/1/2025,14.03185177,NA,NA,NA,NA,NA
11/1/2025,10.82556152,NA,NA,NA,NA,NA
12/1/2025,10.34613228,NA,NA,NA,NA,NA
13/1/2025,10.56190681,NA,NA,NA,NA,NA
14/1/2025,13.14723492,NA,NA,NA,NA,NA
15/1/2025,6.412813663,NA,NA,NA,NA,NA
16/1/2025,3.262614489,NA,NA,NA,NA,NA
17/1/2025,12.69706154,NA,NA,NA,NA,NA
18/1/2025,14.43343067,NA,NA,NA,NA,NA
19/1/2025,2.136014223,NA,NA,NA,NA,NA
20/1/2025,9.659690857,NA,NA,NA,NA,NA
21/1/2025,26.47158241,NA,NA,NA,NA,NA
22/1/2025,10.521492,NA,NA,NA,NA,NA
23/1/2025,1.222558975,NA,NA,NA,NA,NA
24/1/2025,NA,NA,NA,NA,NA,NA
25/1/2025,NA,NA,NA,NA,NA,NA
26/1/2025,0.487354726,NA,NA,NA,NA,NA
27/1/2025,1.40037179,NA,NA,NA,NA,NA
28/1/2025,0.465006441,NA,NA,NA,NA,NA
29/1/2025,0.381240129,NA,NA,NA,NA,NA
30/1/2025,0.354601711,NA,NA,NA,NA,NA
31/1/2025,0.104319602,NA,NA,NA,NA,NA
1/2/2025,0.320195675,NA,NA,NA,NA,NA
2/2/2025,0.228962094,NA,NA,NA,NA,NA
3/2/2025,1.278004408,NA,NA,NA,NA,NA
4/2/2025,1.305624008,NA,NA,NA,NA,NA
5/2/2025,NA,NA,NA,NA,NA,NA
6/2/2025,0.148585528,NA,NA,NA,NA,NA
7/2/2025,NA,NA,NA,NA,NA,NA
8/2/2025,0.615824103,NA,NA,NA,NA,NA
9/2/2025,3.611458302,NA,NA,NA,NA,NA
10/2/2025,4.965454578,NA,NA,NA,NA,NA
11/2/2025,18.35309792,NA,NA,NA,NA,NA
12/2/2025,16.22935867,NA,NA,NA,NA,NA
13/2/2025,13.76626778,NA,NA,NA,NA,NA
14/2/2025,6.217917919,NA,NA,NA,NA,NA
15/2/2025,13.19442177,NA,NA,NA,NA,NA
16/2/2025,13.32488728,NA,NA,NA,NA,NA
17/2/2025,10.90297127,NA,NA,NA,NA,NA
18/2/2025,3.88479948,NA,NA,NA,NA,NA
19/2/2025,9.984627724,NA,NA,NA,NA,NA
20/2/2025,8.813035965,NA,NA,NA,NA,NA
21/2/2025,12.12746525,NA,NA,NA,NA,NA
22/2/2025,9.726955414,NA,NA,NA,NA,NA
23/2/2025,9.566398621,NA,NA,NA,NA,NA
24/2/2025,17.19371796,NA,NA,NA,NA,NA
25/2/2025,3.486371994,NA,NA,NA,NA,NA
26/2/2025,28.66392326,NA,NA,NA,NA,NA
27/2/2025,15.83789825,NA,NA,NA,NA,NA
28/2/2025,14.44576359,NA,NA,NA,NA,NA
1/3/2025,9.484529495,NA,NA,NA,NA,NA
2/3/2025,9.734802246,NA,NA,NA,NA,NA
3/3/2025,4.236096859,NA,NA,NA,NA,NA
4/3/2025,0.342874616,NA,NA,NA,NA,NA
5/3/2025,2.545094013,NA,NA,NA,NA,NA
6/3/2025,2.617466927,NA,NA,NA,NA,NA
7/3/2025,0.268912524,NA,NA,NA,NA,NA
8/3/2025,1.023244262,NA,NA,NA,NA,NA
9/3/2025,10.56403923,NA,NA,NA,NA,NA
10/3/2025,5.521957397,NA,NA,NA,NA,NA
11/3/2025,2.161851406,NA,NA,NA,NA,NA
12/3/2025,2.446034193,NA,NA,NA,NA,NA
13/3/2025,0.355599672,NA,NA,NA,NA,NA
14/3/2025,0.313257247,NA,NA,NA,NA,NA
15/3/2025,0.46299088,NA,NA,NA,NA,NA
16/3/2025,1.047777653,NA,NA,NA,NA,NA
17/3/2025,0.776522577,NA,NA,NA,NA,NA
18/3/2025,0.21271883,NA,NA,NA,NA,NA
19/3/2025,0.291024894,NA,NA,NA,NA,NA
20/3/2025,0.157672688,NA,NA,NA,NA,NA
21/3/2025,NA,NA,NA,NA,NA,NA
22/3/2025,NA,NA,NA,NA,NA,NA
23/3/2025,0.393359303,NA,NA,NA,NA,NA
24/3/2025,0.113801122,NA,NA,NA,NA,NA
25/3/2025,NA,NA,NA,NA,NA,NA
26/3/2025,NA,NA,NA,NA,NA,NA
27/3/2025,NA,NA,NA,NA,NA,NA
28/3/2025,NA,NA,NA,NA,NA,NA
29/3/2025,NA,NA,NA,NA,NA,NA
30/3/2025,0.203509167,NA,NA,NA,NA,NA
31/3/2025,1.560151577,NA,NA,NA,NA,NA
1/4/2025,0.418112278,NA,NA,NA,NA,NA
2/4/2025,0.196405262,NA,NA,NA,NA,NA
3/4/2025,0.147247538,NA,NA,NA,NA,NA
4/4/2025,0.133167788,NA,NA,NA,NA,NA
5/4/2025,NA,NA,NA,NA,NA,NA
6/4/2025,NA,NA,NA,NA,NA,NA
7/4/2025,NA,NA,NA,NA,NA,NA
8/4/2025,0.224909842,NA,NA,NA,NA,NA
9/4/2025,7.803573132,NA,NA,NA,NA,NA
10/4/2025,1.847607851,NA,NA,NA,NA,NA
11/4/2025,0.951031744,NA,NA,NA,NA,NA
12/4/2025,0.543586195,NA,NA,NA,NA,NA
13/4/2025,0.27764681,NA,NA,NA,NA,NA
14/4/2025,0.577175379,NA,NA,NA,NA,NA
15/4/2025,1.89751482,NA,NA,NA,NA,NA
16/4/2025,1.113180041,NA,NA,NA,NA,NA
17/4/2025,3.688633442,NA,NA,NA,NA,NA
18/4/2025,7.117662907,NA,NA,NA,NA,NA
19/4/2025,1.905202866,NA,NA,NA,NA,NA
20/4/2025,1.212664127,NA,NA,NA,NA,NA
21/4/2025,0.483547658,NA,NA,NA,NA,NA
22/4/2025,0.160842374,NA,NA,NA,NA,NA
23/4/2025,3.239928007,NA,NA,NA,NA,NA
24/4/2025,6.093763351,NA,NA,NA,NA,NA
25/4/2025,4.889018536,NA,NA,NA,NA,NA
26/4/2025,4.525988102,NA,NA,NA,NA,NA
27/4/2025,4.113582611,NA,NA,NA,NA,NA
28/4/2025,0.618469059,NA,NA,NA,NA,NA
29/4/2025,NA,NA,NA,NA,NA,NA
30/4/2025,NA,NA,NA,NA,NA,NA
1/5/2025,NA,NA,NA,NA,NA,NA
2/5/2025,NA,0.461363941,NA,NA,0.313809127,4.001252651
3/5/2025,NA,0.914266646,0.130698711,0.191350445,1.229580402,3.420491695
4/5/2025,NA,0.955313265,NA,0.124214888,1.638500571,3.620896816
5/5/2025,NA,0.157836065,NA,NA,0.271862686,0.554567158
6/5/2025,NA,NA,NA,NA,NA,NA
7/5/2025,NA,NA,NA,NA,NA,0.227013364
8/5/2025,NA,0.107259996,NA,NA,NA,0.25940451
9/5/2025,NA,NA,NA,NA,NA,0.229622006
10/5/2025,NA,NA,NA,NA,NA,0.141693413
